Date,Median,Adjusted-Median
1953-01-01,18080.26,185290.09
1953-02-01,18080.26,185638.51
1953-03-01,18080.26,185359.67
1953-04-01,18122.25,185372.49
1953-05-01,18143.25,185517.79
1953-06-01,18143.25,185032.68
1953-07-01,18185.25,185322.56
1953-08-01,18206.25,185121.96
1953-09-01,18227.25,185059.8
1953-10-01,18227.25,184647.79
1953-11-01,18206.25,185121.96
1953-12-01,18206.25,184984.17
1954-01-01,18206.25,184503.52
1954-02-01,18227.25,184374.14
1954-03-01,18227.25,184784.92
1954-04-01,18206.25,185053.04
1954-05-01,18206.25,184572.03
1954-06-01,18227.25,184716.33
1954-07-01,18290.25,185906.84
1954-08-01,18332.24,186403.04
1954-09-01,18374.24,187108.84
1954-10-01,18353.24,187524.5
1954-11-01,18353.24,187104.36
1954-12-01,18374.24,187388.42
1955-01-01,18395.24,187602.59
1955-02-01,18332.24,186611.54
1955-03-01,18290.25,186392.6
1955-04-01,18185.25,185322.56
1955-05-01,18185.25,185461.02
1955-06-01,18269.25,186736.22
1955-07-01,18332.24,187029.95
1955-08-01,18437.24,188382.78
1955-09-01,18479.24,187897.74
1955-10-01,18458.24,187894.15
1955-11-01,18416.24,187048.16
1955-12-01,18374.24,186691.03
1956-01-01,18332.24,186541.99
1956-02-01,18269.25,185693.39
1956-03-01,18206.25,184846.59
1956-04-01,18122.25,183720.45
1956-05-01,18143.25,183252.87
1956-06-01,18332.24,184343.33
1956-07-01,18479.24,184868.24
1956-08-01,18605.23,185992.35
1956-09-01,18584.23,185510.71
1956-10-01,18563.24,184223.46
1956-11-01,18521.24,183806.64
1956-12-01,18542.24,183215.85
1957-01-01,18605.23,183572.5
1957-02-01,18773.23,184363.92
1957-03-01,18773.23,183966.87
1957-04-01,18899.22,184737.34
1957-05-01,18962.22,184889.77
1957-06-01,18899.22,183554.39
1957-07-01,18899.22,183033.48
1957-08-01,18899.22,182450.98
1957-09-01,18962.22,182800.62
1957-10-01,19067.21,183812.75
1957-11-01,19067.21,183230.45
1957-12-01,19046.22,182643.01
1958-01-01,19067.21,181758.98
1958-02-01,19067.21,181378.99
1958-03-01,19235.21,181899.66
1958-04-01,19277.21,181855.9
1958-05-01,19319.2,182252.02
1958-06-01,19214.21,181449.67
1958-07-01,19214.21,181575.28
1958-08-01,19193.21,181063.46
1958-09-01,19130.21,180656.41
1958-10-01,19109.21,180458.1
1958-11-01,19151.21,180604.84
1958-12-01,19172.21,180678.06
1959-01-01,19130.21,180033.67
1959-02-01,19109.21,179898.06
1959-03-01,19109.21,180084.35
1959-04-01,19109.21,180022.21
1959-05-01,19193.21,180439.97
1959-06-01,19193.21,180006.07
1959-07-01,19130.21,179169.02
1959-08-01,19109.21,178788.34
1959-09-01,19151.21,178752.48
1959-10-01,19256.21,179120.15
1959-11-01,19277.21,179315.49
1959-12-01,19193.21,178169.9
1960-01-01,19256.21,178998.18
1960-02-01,19256.21,178754.72
1960-03-01,19256.21,178754.72
1960-04-01,19256.21,177968.06
1960-05-01,19214.21,177399.73
1960-06-01,19172.21,176772.83
1960-07-01,19172.21,177131.76
1960-08-01,19256.21,177547.33
1960-09-01,19340.2,178321.74
1960-10-01,19403.2,178060.72
1960-11-01,19340.2,177303.78
1960-12-01,19340.2,177125.35
1961-01-01,19340.2,176947.27
1961-02-01,19298.2,176563.01
1961-03-01,19340.2,176947.27
1961-04-01,19256.21,176356.14
1961-05-01,19319.2,176755.14
1961-06-01,19298.2,176563.01
1961-07-01,19361.2,176665.77
1961-08-01,19382.2,176739.25
1961-09-01,19382.2,176503.44
1961-10-01,19382.2,176503.44
1961-11-01,19487.2,177459.62
1961-12-01,19529.2,177664.31
1962-01-01,19550.19,177677.65
1962-02-01,19508.2,176883.85
1962-03-01,19508.2,176532.07
1962-04-01,19508.2,176298.33
1962-05-01,19613.19,177071.3
1962-06-01,19634.19,177436.92
1962-07-01,19634.19,177378.21
1962-08-01,19634.19,177026.73
1962-09-01,19613.19,176023.54
1962-10-01,19571.19,175877.87
1962-11-01,19592.19,176066.59
1962-12-01,19592.19,176066.59
1963-01-01,19613.19,175907.89
1963-02-01,19613.19,175677.04
1963-03-01,19718.19,176443.87
1963-04-01,19802.18,177369.84
1963-05-01,19760.19,176819.7
1963-06-01,19760.19,176242.04
1963-07-01,19802.18,176156.17
1963-08-01,19802.18,175812.45
1963-09-01,19802.18,175984.14
1963-10-01,19802.18,175812.45
1963-11-01,19928.18,176758.68
1963-12-01,20012.18,176928.93
1964-01-01,20012.18,176585.82
1964-02-01,20075.17,177313.57
1964-03-01,20075.17,177141.64
1964-04-01,20012.18,176528.77
1964-05-01,19928.18,175617.57
1964-06-01,19991.18,176002.32
1964-07-01,20033.17,176315.15
1964-08-01,20096.17,176698.73
1964-09-01,20159.17,177081.57
1964-10-01,20201.17,177222.42
1964-11-01,20264.17,177262.47
1964-12-01,20264.17,177035.57
1965-01-01,20390.16,177965.42
1965-02-01,20390.16,177965.42
1965-03-01,20327.16,177245.56
1965-04-01,20285.16,176484.77
1965-05-01,20264.17,175742.11
1965-06-01,20264.17,175019.35
1965-07-01,20306.16,175548.62
1965-08-01,20306.16,175715.54
1965-09-01,20306.16,175326.55
1965-10-01,20432.16,176247.23
1965-11-01,20537.15,176594.91
1965-12-01,20600.15,176580.48
1966-01-01,20663.15,176953.82
1966-02-01,20621.15,175493.19
1966-03-01,20621.15,174947.84
1966-04-01,20642.15,174583.48
1966-05-01,20684.15,174560.16
1966-06-01,20726.15,174752.55
1966-07-01,20747.15,174552.26
1966-08-01,20684.15,172956.24
1966-09-01,20684.15,172428.13
1966-10-01,20768.14,172601.26
1966-11-01,20768.14,172443.78
1966-12-01,20852.14,172930.88
1967-01-01,20852.14,173036.0
1967-02-01,20852.14,172511.65
1967-03-01,20705.15,171295.59
1967-04-01,20789.14,171470.84
1967-05-01,20915.14,172510.1
1967-06-01,20957.14,171818.34
1967-07-01,20957.14,171303.91
1967-08-01,21083.13,171819.33
1967-09-01,21083.13,171307.96
1967-10-01,21167.13,171480.13
1967-11-01,21230.13,170975.82
1967-12-01,21335.12,171315.99
1968-01-01,21314.12,170645.47
1968-02-01,21419.12,170984.7
1968-03-01,21377.12,170151.9
1968-04-01,21377.12,169657.28
1968-05-01,21314.12,168666.97
1968-06-01,21482.11,169016.54
1968-07-01,21566.11,168705.07
1968-08-01,21629.11,168714.47
1968-09-01,21629.11,168233.81
1968-10-01,21776.1,168417.47
1968-11-01,22028.09,169885.11
1968-12-01,22217.08,170380.04
1969-01-01,22322.08,170705.76
1969-02-01,22427.08,171029.66
1969-03-01,22616.07,171037.63
1969-04-01,22637.07,170253.22
1969-05-01,22742.06,170572.95
1969-06-01,22805.06,170110.79
1969-07-01,23015.05,170744.15
1969-08-01,23162.05,171369.04
1969-09-01,23330.04,171681.43
1969-10-01,23519.03,172144.17
1969-11-01,23624.03,171990.5
1969-12-01,23771.02,172142.54
1970-01-01,24002.01,172898.07
1970-02-01,24170.0,173194.23
1970-03-01,24296.0,173187.98
1970-04-01,24400.99,173032.81
1970-05-01,24589.99,173921.3
1970-06-01,24757.98,174206.85
1970-07-01,24820.98,174201.17
1970-08-01,25051.97,175371.5
1970-09-01,25303.96,176231.75
1970-10-01,25429.95,176210.19
1970-11-01,25576.95,176333.69
1970-12-01,25723.94,176455.89
1971-01-01,25786.94,176444.71
1971-02-01,25723.94,176013.64
1971-03-01,25723.94,175573.61
1971-04-01,25807.94,175707.66
1971-05-01,25996.93,176115.98
1971-06-01,26269.92,177086.5
1971-07-01,26311.92,176932.76
1971-08-01,26395.91,177061.43
1971-09-01,26458.91,177049.02
1971-10-01,26542.91,177176.84
1971-11-01,26752.9,178142.99
1971-12-01,26815.9,178128.04
1972-01-01,26899.89,178252.25
1972-02-01,26962.89,177806.58
1972-03-01,26941.89,177668.1
1972-04-01,26983.89,177516.28
1972-05-01,27067.88,177640.77
1972-06-01,27235.88,178314.68
1972-07-01,27508.87,179671.09
1972-08-01,27613.86,179926.38
1972-09-01,27592.86,178935.44
1972-10-01,27571.86,178375.56
1972-11-01,27592.86,177669.38
1972-12-01,27613.86,177386.24
1973-01-01,27550.86,176152.59
1973-02-01,27550.86,174923.61
1973-03-01,27571.86,173443.52
1973-04-01,27571.86,172252.83
1973-05-01,27634.86,171859.87
1973-06-01,27697.86,171082.54
1973-07-01,27676.86,170952.83
1973-08-01,27928.85,169442.47
1973-09-01,28033.84,169326.87
1973-10-01,28243.84,169098.84
1973-11-01,28369.83,168743.01
1973-12-01,28558.82,168399.58
1974-01-01,28789.81,167947.94
1974-02-01,29020.8,167505.85
1974-03-01,29335.79,167552.78
1974-04-01,29440.79,167103.72
1974-05-01,29587.78,166210.27
1974-06-01,29755.77,165789.43
1974-07-01,29902.77,165594.63
1974-08-01,30175.76,165097.09
1974-09-01,30469.74,164399.3
1974-10-01,30721.73,164458.84
1974-11-01,30952.72,164086.68
1974-12-01,31435.7,165362.68
1975-01-01,32033.5,167218.54
1975-02-01,32086.75,166541.21
1975-03-01,32169.16,166336.49
1975-04-01,32222.41,165983.11
1975-05-01,32318.77,166165.95
1975-06-01,32298.49,164820.1
1975-07-01,32472.18,164172.13
1975-08-01,32664.89,164537.03
1975-09-01,32994.54,164979.95
1975-10-01,33239.23,165295.24
1975-11-01,33475.05,165263.84
1975-12-01,33570.14,164839.05
1976-01-01,33693.12,164849.93
1976-02-01,33757.78,164870.82
1976-03-01,34054.46,166022.79
1976-04-01,34395.51,167386.58
1976-05-01,34801.22,168460.12
1976-06-01,34908.99,168087.71
1976-07-01,35196.79,168581.51
1976-08-01,35426.27,168792.27
1976-09-01,35681.11,169121.03
1976-10-01,35797.75,168794.74
1976-11-01,36005.68,169190.75
1976-12-01,36304.89,169720.39
1977-01-01,36606.64,170256.42
1977-02-01,37036.44,170512.52
1977-03-01,37566.4,172081.85
1977-04-01,38234.56,173974.89
1977-05-01,38707.47,175541.59
1977-06-01,39000.34,175992.74
1977-07-01,39402.25,176929.06
1977-08-01,39801.62,177844.84
1977-09-01,40322.71,179585.38
1977-10-01,40829.85,180958.43
1977-11-01,41252.04,181650.03
1977-12-01,41624.79,182408.78
1978-01-01,42044.45,183072.4
1978-02-01,42516.09,184244.49
1978-03-01,43108.18,185631.71
1978-04-01,43673.64,186595.11
1978-05-01,44273.33,187397.68
1978-06-01,44940.22,188757.22
1978-07-01,45572.88,189953.33
1978-08-01,46173.84,191290.02
1978-09-01,46658.16,191552.44
1978-10-01,47110.78,191681.2
1978-11-01,47605.24,192545.21
1978-12-01,48169.44,193679.46
1979-01-01,48813.5,194549.95
1979-02-01,49427.14,195002.92
1979-03-01,50082.62,195610.25
1979-04-01,50733.03,196185.92
1979-05-01,51391.04,196503.79
1979-06-01,52041.45,196785.88
1979-07-01,52624.66,196810.46
1979-08-01,53154.62,196904.33
1979-09-01,53604.71,196703.35
1979-10-01,54080.15,196336.83
1979-11-01,54468.12,195663.82
1979-12-01,54796.49,194539.65
1980-01-01,55074.15,192768.0
1980-02-01,55392.38,191427.65
1980-03-01,55865.29,190410.67
1980-04-01,56388.91,190294.8
1980-05-01,56788.28,189766.0
1980-06-01,57133.14,189067.06
1980-07-01,57529.97,190149.78
1980-08-01,57865.95,189880.99
1980-09-01,58147.42,189212.67
1980-10-01,58387.04,188197.91
1980-11-01,58621.59,186967.26
1980-12-01,58853.61,185969.23
1981-01-01,59034.91,184830.72
1981-02-01,59272.0,183885.99
1981-03-01,59625.73,183730.7
1981-04-01,60156.96,184327.41
1981-05-01,60575.35,184367.86
1981-06-01,60967.12,183919.95
1981-07-01,61280.27,182844.25
1981-08-01,61594.7,182387.12
1981-09-01,61711.34,180966.02
1981-10-01,61795.02,180629.36
1981-11-01,61798.83,179870.17
1981-12-01,61848.27,179440.17
1982-01-01,61890.11,178990.92
1982-02-01,61990.27,178712.65
1982-03-01,61956.04,178613.96
1982-04-01,62037.18,178283.1
1982-05-01,62118.32,176840.95
1982-06-01,62113.25,174821.26
1982-07-01,62096.77,173878.6
1982-08-01,62068.88,173444.72
1982-09-01,62090.43,173504.94
1982-10-01,62091.7,172801.01
1982-11-01,62095.5,172987.92
1982-12-01,62200.73,173813.16
1983-01-01,62408.66,174037.93
1983-02-01,62733.23,174764.54
1983-03-01,62993.14,175309.72
1983-04-01,63317.71,174964.52
1983-05-01,63635.94,175134.83
1983-06-01,63947.83,175639.08
1983-07-01,64312.97,175933.99
1983-08-01,64598.24,176184.76
1983-09-01,64770.67,176127.19
1983-10-01,64892.38,175757.92
1983-11-01,64981.13,175476.05
1983-12-01,65151.02,175414.3
1984-01-01,65341.2,174720.19
1984-02-01,65551.66,174428.75
1984-03-01,65850.88,174714.1
1984-04-01,66219.82,175012.64
1984-05-01,66636.94,175774.73
1984-06-01,67021.1,176447.1
1984-07-01,67391.31,176740.02
1984-08-01,67714.61,177077.6
1984-09-01,67914.94,177092.58
1984-10-01,68040.45,176744.62
1984-11-01,68050.6,176435.24
1984-12-01,68197.67,176481.35
1985-01-01,68432.22,176753.24
1985-02-01,68742.84,176553.34
1985-03-01,69134.61,176728.26
1985-04-01,69604.98,177598.08
1985-05-01,70137.48,178622.89
1985-06-01,70642.08,179405.91
1985-07-01,71147.95,180355.1
1985-08-01,71638.61,181262.28
1985-09-01,72102.64,182098.85
1985-10-01,72510.89,182454.78
1985-11-01,72907.73,182611.79
1985-12-01,73295.69,182745.23
1986-01-01,73735.64,183173.02
1986-02-01,74171.78,184592.4
1986-03-01,74730.9,187006.71
1986-04-01,75419.34,189423.96
1986-05-01,76136.94,190699.98
1986-06-01,76893.85,191891.63
1986-07-01,77657.1,193619.36
1986-08-01,78330.33,195119.71
1986-09-01,78912.27,195854.52
1986-10-01,79354.75,196595.27
1986-11-01,79751.59,197220.48
1986-12-01,80338.6,197954.89
1987-01-01,80829.26,198091.18
1987-02-01,81336.4,198620.87
1987-03-01,81762.4,198949.34
1987-04-01,82402.66,199617.7
1987-05-01,83131.67,200849.06
1987-06-01,83979.87,202004.51
1987-07-01,84694.93,203187.45
1987-08-01,85303.5,203752.22
1987-09-01,85753.59,204112.98
1987-10-01,86107.32,204420.28
1987-11-01,86349.48,204284.61
1987-12-01,86667.71,204682.74
1988-01-01,86968.19,204684.13
1988-02-01,87390.38,205323.77
1988-03-01,87906.4,206004.31
1988-04-01,88493.41,206141.32
1988-05-01,89278.21,207438.49
1988-06-01,90113.73,208492.62
1988-07-01,90897.26,209418.08
1988-08-01,91531.18,209992.53
1988-09-01,92024.38,210240.67
1988-10-01,92338.8,210255.22
1988-11-01,92646.89,210255.3
1988-12-01,92915.67,210166.47
1989-01-01,93342.94,210261.9
1989-02-01,93786.69,210566.54
1989-03-01,94347.08,210784.66
1989-04-01,94927.75,210531.4
1989-05-01,95471.66,210710.66
1989-06-01,95978.8,211147.17
1989-07-01,96417.48,211430.76
1989-08-01,96710.35,212072.98
1989-09-01,96897.99,211973.67
1989-10-01,96981.67,211141.62
1989-11-01,97020.97,210388.32
1989-12-01,96989.28,209653.5
1990-01-01,97024.78,207756.31
1990-02-01,97100.85,207107.01
1990-03-01,97358.22,206687.11
1990-04-01,97676.45,206880.09
1990-05-01,98003.56,207251.34
1990-06-01,98263.47,206521.22
1990-07-01,98329.4,205709.63
1990-08-01,98224.16,203771.84
1990-09-01,97905.93,201732.03
1990-10-01,97505.29,199551.08
1990-11-01,96830.8,197726.03
1990-12-01,96312.25,195934.43
1991-01-01,96113.0,194803.28
1991-02-01,96478.23,195398.47
1991-03-01,96756.96,195962.98
1991-04-01,96737.73,195488.99
1991-05-01,96901.13,195097.13
1991-06-01,97400.91,195526.61
1991-07-01,97362.47,195162.43
1991-08-01,97324.02,194514.1
1991-09-01,97400.91,194099.4
1991-10-01,97621.97,194256.34
1991-11-01,98044.87,194248.38
1991-12-01,98189.04,193970.96
1992-01-01,98237.1,193925.57
1992-02-01,98881.05,194774.27
1992-03-01,98996.39,194300.52
1992-04-01,98909.89,193712.96
1992-05-01,99054.06,193578.71
1992-06-01,99371.23,193644.1
1992-07-01,99649.96,193634.41
1992-08-01,100207.41,194302.74
1992-09-01,100428.47,194317.35
1992-10-01,100620.7,193864.92
1992-11-01,100832.15,193725.45
1992-12-01,100428.47,192678.7
1993-01-01,100188.19,191544.67
1993-02-01,99909.46,190611.34
1993-03-01,100495.75,191462.29
1993-04-01,101312.71,192347.61
1993-05-01,101677.94,192505.54
1993-06-01,102446.85,193826.88
1993-07-01,102446.85,193558.61
1993-08-01,102927.41,194063.66
1993-09-01,103081.19,194085.53
1993-10-01,103196.53,193502.0
1993-11-01,103417.59,193385.22
1993-12-01,103590.59,193311.51
1994-01-01,103523.31,193185.96
1994-02-01,103667.48,192927.52
1994-03-01,104349.88,193669.41
1994-04-01,104878.51,194518.28
1994-05-01,105435.96,195154.46
1994-06-01,106012.64,195691.16
1994-07-01,106108.75,195208.64
1994-08-01,106416.31,194986.11
1994-09-01,106272.14,194330.68
1994-10-01,106368.26,194376.24
1994-11-01,106464.37,194032.38
1994-12-01,106156.81,193085.16
1995-01-01,106156.81,192571.98
1995-02-01,106627.76,192913.58
1995-03-01,106887.27,192999.38
1995-04-01,107348.61,193066.26
1995-05-01,107752.28,193410.04
1995-06-01,108511.58,194389.52
1995-07-01,109011.36,195028.9
1995-08-01,109338.15,195229.74
1995-09-01,109261.26,194837.59
1995-10-01,109117.09,194073.45
1995-11-01,109184.37,193940.42
1995-12-01,109318.93,193927.09
1996-01-01,109405.43,193076.89
1996-02-01,109520.76,192906.34
1996-03-01,110337.72,193720.4
1996-04-01,110856.73,193883.53
1996-05-01,111423.8,194501.5
1996-06-01,111913.98,194983.14
1996-07-01,112279.21,195245.67
1996-08-01,112298.43,195030.65
1996-09-01,112240.76,194312.46
1996-10-01,112125.43,193499.28
1996-11-01,112269.6,193137.66
1996-12-01,112269.6,192652.09
1997-01-01,112106.2,192009.65
1997-02-01,112375.32,192109.02
1997-03-01,113288.39,193548.75
1997-04-01,113740.12,194198.99
1997-05-01,114528.25,195544.63
1997-06-01,114951.15,195899.14
1997-07-01,115229.88,196129.29
1997-08-01,115633.55,196326.78
1997-09-01,115441.32,195514.06
1997-10-01,115806.55,195768.29
1997-11-01,115969.95,195802.02
1997-12-01,116008.39,195745.88
1998-01-01,116181.39,195795.77
1998-02-01,116988.74,197156.36
1998-03-01,117824.93,198565.55
1998-04-01,118651.5,199711.98
1998-05-01,119535.74,200705.36
1998-06-01,120689.09,202392.94
1998-07-01,120958.21,202347.08
1998-08-01,121400.33,202838.11
1998-09-01,121861.67,203484.4
1998-10-01,122111.57,203404.05
1998-11-01,122640.19,204035.61
1998-12-01,122851.64,204014.42
1999-01-01,123303.37,204391.62
1999-02-01,123755.1,205140.42
1999-03-01,124783.51,206719.63
1999-04-01,125715.8,206883.2
1999-05-01,126936.44,208766.09
1999-06-01,127936.01,210410.04
1999-07-01,128599.19,210612.62
1999-08-01,129281.6,211223.38
1999-09-01,129358.49,210467.34
1999-10-01,129867.89,210919.04
1999-11-01,130069.72,210870.52
1999-12-01,130329.23,210790.54
2000-01-01,131626.75,212260.39
2000-02-01,131386.47,211000.49
2000-03-01,132905.06,212191.08
2000-04-01,134154.53,214311.27
2000-05-01,135230.99,215652.36
2000-06-01,136595.8,216563.83
2000-07-01,137287.81,217030.8
2000-08-01,137710.71,217699.34
2000-09-01,138297.0,217492.74
2000-10-01,138729.5,217796.55
2000-11-01,139171.62,218114.37
2000-12-01,139604.13,218290.97
2001-01-01,140200.03,217974.32
2001-02-01,141113.11,218895.29
2001-03-01,142381.8,220737.87
2001-04-01,143612.04,222266.51
2001-05-01,144784.62,222943.82
2001-06-01,145986.04,224287.79
2001-07-01,146812.61,225939.14
2001-08-01,147360.45,226782.25
2001-09-01,147879.46,226686.51
2001-10-01,148446.53,228196.42
2001-11-01,148417.69,228280.63
2001-12-01,148927.09,229193.26
2002-01-01,149426.88,229574.18
2002-02-01,150301.51,230528.74
2002-03-01,151772.04,232132.14
2002-04-01,153021.51,232998.93
2002-05-01,154684.26,235268.3
2002-06-01,156193.24,237431.11
2002-07-01,157221.65,238463.31
2002-08-01,158086.66,239111.11
2002-09-01,158769.06,239744.8
2002-10-01,159509.13,240330.62
2002-11-01,159855.14,240453.84
2002-12-01,160499.1,241024.09
2003-01-01,161008.5,240729.75
2003-02-01,162075.35,241004.99
2003-03-01,163199.87,242281.26
2003-04-01,164708.85,245455.74
2003-05-01,166342.77,248297.28
2003-06-01,167697.96,250046.73
2003-07-01,168995.49,251158.39
2003-08-01,170091.18,251690.69
2003-09-01,171138.81,252420.03
2003-10-01,171705.87,253530.36
2003-11-01,172436.33,254471.29
2003-12-01,173272.52,255016.04
2004-01-01,173772.3,254653.38
2004-02-01,175252.44,256272.2
2004-03-01,177184.32,258543.26
2004-04-01,179279.58,261181.84
2004-05-01,181826.57,263766.4
2004-06-01,184306.29,266372.83
2004-07-01,185834.49,268297.43
2004-08-01,187074.34,269944.72
2004-09-01,188121.97,270598.3
2004-10-01,188996.6,270431.55
2004-11-01,189986.57,270571.79
2004-12-01,190928.47,271913.22
2005-01-01,191553.21,272945.33
2005-02-01,193244.8,274210.75
2005-03-01,195993.63,277103.12
2005-04-01,198492.57,279766.92
2005-05-01,201097.23,283584.49
2005-06-01,203548.11,286892.5
2005-07-01,205499.21,287859.15
2005-08-01,206892.84,288037.88
2005-09-01,208209.59,285934.19
2005-10-01,208728.6,286215.03
2005-11-01,209276.45,288414.85
2005-12-01,209670.51,288957.93
2006-01-01,210141.46,287863.23
2006-02-01,211073.76,288995.33
2006-03-01,212659.62,290729.24
2006-04-01,214043.65,291163.35
2006-05-01,215735.24,292589.71
2006-06-01,216504.14,292905.0
2006-07-01,216235.03,290954.94
2006-08-01,216734.82,290339.57
2006-09-01,215985.13,290762.0
2006-10-01,215591.07,291525.26
2006-11-01,215312.34,291004.22
2006-12-01,214399.27,288200.75
2007-01-01,214274.32,287555.66
2007-02-01,214927.89,287318.43
2007-03-01,216609.87,288068.92
2007-04-01,217744.0,288710.88
2007-05-01,218003.51,287865.22
2007-06-01,217955.45,287136.54
2007-07-01,216725.2,285008.32
2007-08-01,215543.01,283366.3
2007-09-01,213899.48,280019.01
2007-10-01,211602.38,276160.38
2007-11-01,209199.56,270895.53
2007-12-01,207017.79,267295.71
2008-01-01,204403.52,263013.44
2008-02-01,203692.28,261466.08
2008-03-01,202635.04,259181.61
2008-04-01,201625.85,257295.33
2008-05-01,200732.0,254647.81
2008-06-01,200261.05,251415.96
2008-07-01,198281.12,247165.16
2008-08-01,196003.24,244689.91
2008-09-01,193485.08,241339.88
2008-10-01,191389.82,240796.87
2008-11-01,187180.07,239745.18
2008-12-01,185498.09,239563.31
2009-01-01,186142.05,239788.11
2009-02-01,186872.51,239855.37
2009-03-01,185267.42,238030.21
2009-04-01,185401.98,237963.44
2009-05-01,186728.34,239313.67
2009-06-01,187478.02,238296.7
2009-07-01,186805.23,237512.31
2009-08-01,186161.27,235903.64
2009-09-01,185132.86,234148.33
2009-10-01,185017.53,233302.1
2009-11-01,184863.74,232330.21
2009-12-01,181711.24,228249.52
2010-01-01,180798.16,226955.37
2010-02-01,180375.27,226640.21
2010-03-01,180913.5,227241.2
2010-04-01,182547.42,229240.79
2010-05-01,184181.34,231412.93
2010-06-01,183258.66,230350.11
2010-07-01,182124.52,228497.42
2010-08-01,181384.45,227236.83
2010-09-01,178847.07,223696.7
2010-10-01,178529.9,222525.19
2010-11-01,177299.65,220433.23
2010-12-01,174589.26,216195.09
2011-01-01,172618.95,213064.26
2011-02-01,171186.86,210619.6
2011-03-01,170177.68,208300.3
2011-04-01,172071.1,209633.84
2011-05-01,173330.18,210498.03
2011-06-01,174867.99,212365.6
2011-07-01,175165.94,212171.54
2011-08-01,174041.42,210146.55
2011-09-01,174252.87,209945.96
2011-10-01,172580.5,207790.73
2011-11-01,172791.95,207661.59
2011-12-01,171888.49,206526.72
2012-01-01,170120.01,203846.54
2012-02-01,170610.19,203997.86
2012-03-01,173176.4,206633.7
2012-04-01,175636.9,209222.08
2012-05-01,178462.62,213028.71
2012-06-01,180298.38,215398.03
2012-07-01,180596.33,215691.69
2012-08-01,180971.17,214890.96
2012-09-01,180807.78,213677.43
2012-10-01,180836.61,213136.72
2012-11-01,181000.0,213688.16
2012-12-01,180519.44,213146.61
2013-01-01,180711.66,212951.77
2013-02-01,181941.91,213243.6
2013-03-01,185219.36,217697.06
2013-04-01,187747.13,221129.78
2013-05-01,191159.15,225055.27
2013-06-01,193523.53,227297.83
2013-07-01,194561.55,228070.57
2013-08-01,194167.48,227066.57
2013-09-01,194148.26,226958.54
2013-10-01,193561.97,226152.12
2013-11-01,193023.74,225108.06
2013-12-01,192802.68,224257.28
2014-01-01,192456.67,223313.47
2014-02-01,193379.36,224137.37
2014-03-01,195791.79,226471.05
2014-04-01,197906.28,228490.91
2014-05-01,200145.71,230637.52
2014-06-01,202433.2,232965.73
2014-07-01,203125.21,233499.32
2014-08-01,202731.15,233083.62
2014-09-01,201933.41,232149.83
2014-10-01,201962.25,232228.94
2014-11-01,202154.47,232888.42
2014-12-01,202231.36,233697.87
2015-01-01,201327.9,234145.41
2015-02-01,203211.72,235738.78
2015-03-01,205806.77,238107.76
2015-04-01,207940.48,240325.82
2015-05-01,211006.48,243067.76
2015-06-01,212938.35,244616.09
2015-07-01,213774.53,245187.72
2015-08-01,213130.58,244450.16
2015-09-01,213159.41,245033.97
2015-10-01,213053.69,244670.34
2015-11-01,213486.2,244874.5
2015-12-01,213111.35,244707.74
2016-01-01,213044.08,244742.69
2016-02-01,213793.76,245930.92
2016-03-01,217494.11,249405.67
2016-04-01,219858.49,251154.87
2016-05-01,222549.65,253629.51
2016-06-01,224741.03,255417.89
2016-07-01,225711.77,256650.42
2016-08-01,225654.1,256111.24
2016-09-01,225817.49,255626.12
2016-10-01,225779.05,254985.25
2016-11-01,226211.56,255172.87
2016-12-01,226288.45,254616.82
2017-01-01,225384.99,252576.99
2017-02-01,227307.25,254467.94
2017-03-01,230921.09,258626.02
2017-04-01,234044.77,261579.33
2017-05-01,236755.15,264830.84
2017-06-01,238437.13,266549.55
2017-07-01,239503.98,267674.23
2017-08-01,240234.44,267477.77
2017-09-01,239955.72,265708.88
2017-10-01,239965.33,265605.33
2017-11-01,240763.07,265711.61
2017-12-01,240455.5,264988.69
2018-01-01,241474.3,265057.56
2018-02-01,244117.41,267336.47
2018-03-01,246847.02,270090.61
2018-04-01,249028.78,271652.57
2018-05-01,251941.01,274269.37
2018-06-01,253574.93,275645.82
2018-07-01,254343.83,276269.34
2018-08-01,254785.95,276320.82
2018-09-01,254141.99,275132.8
2018-10-01,253920.93,274115.21
2018-11-01,254670.62,275008.24
2018-12-01,253853.66,274483.23
2019-01-01,254497.61,275236.2
2019-02-01,256371.82,276684.42
2019-03-01,259139.87,278375.48
2019-04-01,262128.98,280286.22
2019-05-01,264839.37,283134.45
2019-06-01,265944.67,284258.22
2019-07-01,267030.75,284859.23
2019-08-01,267001.91,284613.84
2019-09-01,267722.76,284921.67
2019-10-01,267780.43,284036.38
2019-11-01,268184.1,283800.78
2019-12-01,268818.45,284236.29
2020-01-01,269702.69,284637.69
2020-02-01,272960.92,287923.87
2020-03-01,275536.75,291581.57
2020-04-01,277747.35,295982.54
2020-05-01,278670.03,297255.87
2020-06-01,282149.32,299399.69
2020-07-01,285397.94,301298.75
2020-08-01,289377.02,304431.79
2020-09-01,293058.15,307548.33
2020-10-01,296095.32,310362.26
2020-11-01,298382.81,312202.6
2020-12-01,300401.18,313553.78
2021-01-01,303034.68,315493.22
2021-02-01,307436.65,318945.04
2021-03-01,314587.46,324352.05
2021-04-01,322093.89,329553.79
2021-05-01,329465.75,334938.63
2021-06-01,335520.87,338035.6
2021-07-01,340278.47,341212.07
2021-08-01,342844.68,342844.68
